{
    "best_learning_rate": -3.348107093160036,
    "best_learning_rate_roberta": -4.052272867659809,
    "best_dropout": 0.371111771222634,
    "best_hidden_units": 407,
    "best_pooling_mode": "max",
    "best_f1_macro": 57.77590347110245
}