{
    "best_learning_rate": -2.6908630981037205,
    "best_dropout": 0.3402778561543891,
    "best_hidden_units": 401,
    "best_f1_macro": 68.24663161520512
}