{
    "best_learning_rate": 0.0003711264791319486,
    "best_dropout": 0.5260977282779391,
    "best_hidden_units": 598,
    "best_f1_macro": 59.71908148008509
}