{
    "best_learning_rate": 0.0032221199816557565,
    "best_dropout": 0.2148464645886673,
    "best_hidden_units": 556,
    "best_f1_macro": 69.34219994282482
}