{
    "best_learning_rate": 0.0031148988877947492,
    "best_dropout": 0.2875552137291588,
    "best_hidden_units": 625,
    "best_accuracy": 79.48427316520261
}